latitude,longitude,NumOfCloseListings,PerSqm,Deviation_price_per_sqm
48.21055391,16.3699241,422,29149.79757,0.3387
48.20420229,16.37490983,330,21304.63899,-0.0216
48.21286896,16.36703937,353,20271.29817,-0.069
48.21536431,16.37048613,464,25180.45113,0.1564
48.21536431,16.37048613,464,19722.22222,-0.0942
48.20636048,16.37336627,422,16021.50538,-0.2642
48.21437335,16.3675158,350,22381.09039,0.0279
48.20321409,16.3754499,305,19628.57143,-0.0985
48.21346816,16.37227394,452,15177.87789,-0.3029
48.21315571,16.37043033,426,10865.52749,-0.501
48.21483241,16.37117091,465,15056.60377,-0.3085
48.20398049,16.3667005,321,19428.57143,-0.1077
48.21251441,16.37006348,423,14966.62009,-0.3126
48.2032427,16.37547136,304,19589.39264,-0.1003
48.21542865,16.37046467,466,19604.82063,-0.0996
48.21247151,16.37006348,424,15276.69525,-0.2984
48.21542865,16.37046467,466,21630.43478,-0.0066
48.21542865,16.37046467,466,18492.06349,-0.1507
48.21542865,16.37046467,466,18673.46939,-0.1424
48.21430345,16.36641631,327,23582.67717,0.0831
48.21617955,16.37145255,450,15683.00313,-0.2797
48.21617955,16.37145255,450,14240.42879,-0.346
48.21617955,16.37145255,450,18870.19231,-0.1334
48.21617955,16.37145255,450,13357.66423,-0.3865
48.21617955,16.37145255,450,18192.74213,-0.1645
48.20427379,16.37490983,329,25629.78723,0.1771
48.20523164,16.37468967,372,14058.67971,-0.3543
48.20472388,16.36955056,333,28814.97797,0.3234
48.20472388,16.36955056,333,28939.71631,0.3291
48.20472388,16.36955056,333,27927.63158,0.2826
48.20472388,16.36955056,333,32646.2585,0.4993
48.20633262,16.37123498,421,27683.61582,0.2714
48.20605372,16.37593421,372,15492.95775,-0.29
48.2154072,16.37050758,465,25104.94753,0.153
48.2154072,16.37050758,465,21868.13187,0.0043
48.2154072,16.37050758,465,28952.27442,0.3297
48.20322124,16.3754499,304,27530.36437,0.2644
48.20322124,16.3754499,304,31857.34322,0.4631
48.20322124,16.3754499,304,26691.72932,0.2259
48.20541769,16.37584298,361,24820.61465,0.1399
48.20657664,16.43059483,13,8602.479942,0.1531
48.20657664,16.43059483,13,14447.08277,0.9366
48.20657664,16.43059483,13,8211.904762,0.1008
48.20657664,16.43059483,13,8613.414812,0.1546
48.21800034,16.38352274,576,6190.252312,-0.1702
48.20338029,16.40062013,209,6387.712625,-0.1437
48.20662263,16.39813251,222,6250,-0.1622
48.22108304,16.38202623,523,5852.994555,-0.2154
48.22204649,16.39798328,251,6300,-0.1555
48.22193678,16.39960126,262,6231.25,-0.1647
48.21811393,16.37642081,489,5983.623767,-0.1979
48.20657664,16.43059483,13,10478.5754,0.4046
48.22084383,16.38794903,407,7519.480519,0.008
48.22324392,16.40711924,224,6558.998022,-0.1208
48.22324392,16.40711924,224,8013.157895,0.0741
48.21741589,16.40851588,188,3760,-0.496
48.21537135,16.38525241,483,7009.252336,-0.0604
48.22350303,16.40469154,262,8125,0.0891
48.22350303,16.40469154,262,5464.121132,-0.2675
48.22350303,16.40469154,262,5686.830498,-0.2377
48.22446447,16.38920417,248,7948.632479,0.0655
48.21551961,16.3904226,329,8404.255319,0.1266
48.21933484,16.40516063,295,5580.357143,-0.252
48.20482809,16.40008718,207,3486.09479,-0.5327
48.2174129,16.37553531,487,3500,-0.5308
48.2174129,16.37553531,487,3800.436772,-0.4906
48.22324392,16.40711924,224,7516.339869,0.0076
48.22487798,16.38538338,290,7950.819672,0.0658
48.22487798,16.38538338,290,6611.295681,-0.1138
48.22487798,16.38538338,290,8055.597071,0.0798
48.2163617,16.38777206,437,5152.994693,-0.3093
48.22362327,16.40261507,253,5967.391304,-0.2001
48.22414358,16.36970354,369,5231.707317,-0.2987
48.22746545,16.39854353,112,5989.473684,-0.1971
48.22275447,16.37249581,365,8586.956522,0.1511
48.22083633,16.39930944,263,6363.539446,-0.147
48.22211357,16.3812237,477,6428.571429,-0.1383
48.22083633,16.39930944,263,6182.874122,-0.1712
48.21890955,16.38739035,465,5735.632184,-0.2311
48.22193678,16.39956907,261,6231.388889,-0.1647
48.21169717,16.38898691,353,6852.497096,-0.1216
48.21169717,16.38898691,353,9006.772009,0.1546
48.19655638,16.40836796,168,7360.265634,-0.0565
48.19115508,16.38951874,251,4739.275623,-0.3925
48.18553781,16.41433568,32,8182.39392,0.0489
48.20300115,16.3843912,223,22035.36517,1.8247
48.1854949,16.41427131,34,7289.81458,-0.0655
48.19927277,16.38745708,279,6670.718736,-0.1449
48.20300115,16.3843912,223,10155.71205,0.3018
48.19845411,16.3784795,178,8322.222222,0.0668
48.1854949,16.41427131,34,8268.960674,0.06
48.20300115,16.3843912,223,16885.44601,1.1645
48.20755158,16.39191097,319,7976.720301,0.0225
48.19371568,16.40504776,208,10387.32394,0.3315
48.19842951,16.38253181,203,8322.222222,0.0668
48.19923701,16.38747854,278,8183.543103,0.049
48.19501908,16.41082301,138,10400.44837,0.3332
48.2010242,16.40568523,124,5986.662625,-0.2326
48.18534286,16.4111961,37,7868.421053,0.0086
48.19501908,16.41082301,138,10245.71429,0.3134
48.21308816,16.39002527,339,3103.745569,-0.6021
48.18978369,16.38762463,261,3271.186441,-0.5807
48.1853071,16.41118537,38,8810.06865,0.1294
48.1853071,16.41118537,38,8967.001435,0.1495
48.19501908,16.41082301,138,13255.24168,0.6992
48.19501908,16.41082301,138,9750.626357,0.2499
48.19099903,16.38761368,249,5279.230769,-0.3233
48.19653492,16.40835723,168,7081.880486,-0.0922
48.20170431,16.38204837,197,16664.44444,1.1362
48.189139,16.38869746,240,9520.547945,0.2204
48.189139,16.38869746,240,7263.078089,-0.069
48.189139,16.38869746,240,8262.49575,0.0592
48.19436073,16.40027317,247,7657.534247,-0.0184
48.19181633,16.38878673,250,6166.187859,-0.2096
48.20464984,16.39460156,322,9053.497942,0.1606
48.18911754,16.388676,239,8937.937063,0.1457
48.18911754,16.388676,239,7960.419436,0.0204
48.2029588,16.3908099,325,15350.83227,0.9678
48.18553781,16.41433568,32,7873.730044,0.0093
48.19932186,16.40365751,217,5211.267606,-0.332
48.186182,16.37178651,315,7695.70011,-0.2854
48.186182,16.37178651,315,10954.0636,0.0172
48.19006244,16.3701411,332,6562.5,-0.3906
48.19059228,16.36641538,373,13000.60988,0.2072
48.19059228,16.36641538,373,13241.68723,0.2296
48.19059228,16.36641538,373,14324.32432,0.3301
48.19059228,16.36641538,373,12318.3063,0.1439
48.19658847,16.36001653,557,9775.510204,-0.0923
48.19658847,16.36001653,557,10587.30159,-0.0169
48.19658847,16.36001653,557,21778.89096,1.0224
48.19658847,16.36001653,557,7563.141826,-0.2977
48.19059228,16.36641538,373,11122.79226,0.0329
48.19794862,16.36208554,481,4511.013216,-0.5811
48.19100359,16.36355356,453,13542.37288,0.2575
48.19373208,16.36603154,424,13843.70016,0.2855
48.19526937,16.37301983,269,15341.13847,0.4246
48.19375353,16.36609591,424,11428.57143,0.0612
48.19661707,16.3600058,556,21725.74085,1.0174
48.19661707,16.3600058,556,15505.50026,0.4398
48.19661707,16.3600058,556,9347.544289,-0.132
48.19661707,16.3600058,556,14256.33115,0.3238
48.19661707,16.3600058,556,10383.79116,-0.0358
48.18623207,16.37177578,314,8210.571924,-0.2376
48.18623207,16.37177578,314,6591.304348,-0.3879
48.18623207,16.37177578,314,6115.107914,-0.4322
48.19065393,16.36485468,431,5476.051402,-0.4915
48.19001953,16.37025911,332,6562.5,-0.3906
48.19059228,16.36646903,370,7116.104869,-0.3392
48.1885558,16.37983615,271,3930.870891,-0.635
48.1914483,16.37585573,238,6611.111111,-0.3861
48.1898265,16.37099114,331,5987.5,-0.444
48.18623207,16.37177578,314,10464.01015,-0.0283
48.18623207,16.37177578,314,9684.917355,-0.1007
48.18623207,16.37177578,314,10050.92144,-0.0667
48.18623207,16.37177578,314,8882.164471,-0.1752
48.18623207,16.37177578,314,8930.771126,-0.1707
48.19661707,16.3600058,556,7950.347274,-0.2617
48.19661707,16.3600058,556,9552.647001,-0.1129
48.19661707,16.3600058,556,9259.617243,-0.1402
48.19661707,16.3600058,556,7896.959459,-0.2667
48.1862067,16.34874017,414,6089.309878,-0.0057
48.1862067,16.34874017,414,6080.206986,-0.0072
48.18413941,16.3630096,284,6184.084372,0.0098
48.18785181,16.3593344,485,6416.131989,0.0477
48.18654938,16.35399995,467,5641.509434,-0.0788
48.18785181,16.3593344,485,6969.990319,0.1381
48.18619239,16.34871871,414,6089.309878,-0.0057
48.1871403,16.35763273,487,5344.418052,-0.1273
48.18619955,16.3487509,414,5632.04005,-0.0803
48.18619955,16.3487509,414,6070.110701,-0.0088
48.18367213,16.36380637,276,4799.154334,-0.2163
48.18492339,16.35895776,379,5190.192308,-0.1525
48.18247642,16.3604197,280,5032.08066,-0.1783
48.18624246,16.34872944,415,6075.715605,-0.0079
48.18650551,16.35586471,460,4806.565064,-0.2151
48.19212358,16.3632742,458,6734.722813,0.0997
48.18886955,16.35897706,504,5252.631579,-0.1423
48.19509708,16.36085178,555,13122.27806,1.1428
48.19509708,16.36085178,555,11706.97674,0.9117
48.18407154,16.35399464,346,3285.714286,-0.4635
48.18407154,16.35399464,346,3215.258856,-0.475
48.19212358,16.3632742,458,7456.359102,0.2176
48.19212358,16.3632742,458,5389.221557,-0.12
48.19212358,16.3632742,458,5341.463415,-0.1278
48.18247642,16.3604197,280,5701.754386,-0.0689
48.19212358,16.3632742,458,7268.292683,0.1869
48.18188224,16.35971065,271,4920.3125,-0.1966
48.18188224,16.35971065,271,16277.17391,1.6579
48.18188224,16.35971065,271,6186.813187,0.0103
48.19509708,16.36085178,555,6250,0.0206
48.19509708,16.36085178,555,6127.659574,0.0006
48.18188224,16.35971065,271,16215.48457,1.6479
48.1867648,16.36610977,318,5659.090909,-0.0759
48.1867648,16.36610977,318,5270.092227,-0.1394
48.1867648,16.36610977,318,5344.827586,-0.1272
48.19079315,16.3572097,507,6824.619289,0.1144
48.18529277,16.3648391,288,6473.953628,0.0571
48.18619955,16.3487509,414,6089.309878,-0.0057
48.18619955,16.3487509,414,6080.206986,-0.0072
48.19136843,16.34239007,523,5696.428571,-0.4246
48.1990445,16.35014117,637,6510.869565,-0.3423
48.20039946,16.36285737,390,16230.16632,0.6394
48.20068551,16.36268571,385,14787.27798,0.4937
48.1990445,16.35014117,637,10089.02077,0.0191
48.1933339,16.35032337,606,14351.85185,0.4497
48.1901979,16.34637904,503,12828.32618,0.2958
48.19216577,16.33919046,480,7312.5,-0.2614
48.19075377,16.34011574,489,5197.916667,-0.475
48.1901979,16.34637904,503,14775.07222,0.4924
48.1933339,16.35032337,606,5277.777778,-0.4669
48.1933339,16.35032337,606,8032.490975,-0.1886
48.1933339,16.35032337,606,8032.490975,-0.1886
48.1901979,16.34637904,503,9653.465347,-0.0249
48.1930612,16.34427345,564,7111.111111,-0.2817
48.1930612,16.34427345,564,7111.111111,-0.2817
48.1933339,16.35032337,606,7803.790412,-0.2117
48.19438172,16.34430465,561,10322.58065,0.0427
48.19118592,16.33922072,502,6305.405405,-0.3631
48.20039946,16.36298612,389,14637.93103,0.4786
48.19011483,16.34488745,492,5350.333651,-0.4596
48.19075377,16.34011574,489,5365.384615,-0.458
48.19422843,16.33971464,510,6973.995272,-0.2956
48.1901979,16.34637904,503,5588.598362,-0.4355
48.19787756,16.35531976,608,7793.103448,-0.2128
48.1901979,16.34637904,503,8936.170213,-0.0974
48.20767458,16.3471463,625,10738.14827,0.3315
48.20558731,16.33820488,467,5916.202122,-0.2664
48.20558731,16.33820488,467,10663.9839,0.3223
48.2055995,16.34745514,671,6959.064327,-0.1371
48.20727498,16.3415587,545,7824.324324,-0.0298
48.19966505,16.34089965,500,7727.212065,-0.0419
48.19966505,16.34089965,500,7629.213483,-0.054
48.20727498,16.3415587,545,10194.17476,0.264
48.20112965,16.34415315,594,7283.933324,-0.0968
48.20308454,16.34905357,667,6440.28103,-0.2015
48.20112965,16.34415315,594,9689.922481,0.2015
48.20509692,16.34718956,686,23636.36364,1.9307
48.20757838,16.34204912,558,11255.04353,0.3955
48.20112965,16.34415315,594,7208.333333,-0.1062
48.20659961,16.34875434,645,8032.258065,-0.0041
48.20152328,16.35051289,673,16165.41353,1.0044
48.20112965,16.34415315,594,2984.251969,-0.63
48.20112965,16.34415315,594,14544.77612,0.8034
48.20112965,16.34415315,594,15613.13869,0.9359
48.20112965,16.34415315,594,15360.82474,0.9046
48.20112965,16.34415315,594,3636.363636,-0.5491
48.20112965,16.34415315,594,14722.22222,0.8254
48.20099209,16.33928146,462,6326.923077,-0.2155
48.20740678,16.34209204,562,6660.611565,-0.1741
48.20760608,16.34247085,570,9833.302117,0.2193
48.20112965,16.34415315,594,7681.318681,-0.0476
48.20112965,16.34415315,594,6774.193548,-0.1601
48.2007698,16.34935989,689,8697.566883,0.0784
48.20260356,16.34765071,672,7681.318681,-0.1493
48.20260356,16.34765071,672,6774.193548,-0.2497
48.19977947,16.34137172,519,7629.213483,-0.155
48.20158048,16.35042706,675,12842.10526,0.4223
48.20158048,16.35042706,675,12342.56927,0.367
48.20158048,16.35042706,675,17982.45614,0.9916
48.20158048,16.35042706,675,15306.12245,0.6952
48.20158048,16.35042706,675,14529.91453,0.6092
48.20158048,16.35042706,675,18181.81818,1.0137
48.20158048,16.35042706,675,16851.85185,0.8664
48.20158048,16.35042706,675,11643.83562,0.2896
48.20158048,16.35042706,675,10675.67568,0.1824
48.20158048,16.35042706,675,12698.4127,0.4064
48.20158048,16.35042706,675,17701.86335,0.9606
48.20158048,16.35042706,675,13013.69863,0.4413
48.20158048,16.35042706,675,11538.46154,0.2779
48.20158048,16.35077038,651,9900,0.0965
48.20260356,16.34765071,672,6540.983607,-0.2756
48.20910506,16.3512156,533,12953.36788,0.4346
48.21076907,16.34955806,536,15691.8239,0.7379
48.21244342,16.34583119,544,15593.75,0.7271
48.21076907,16.34955806,536,9444.444444,0.046
48.21076907,16.34955806,536,3346.153846,-0.6294
48.21076907,16.34955806,536,9044.94382,0.0018
48.21076907,16.34955806,536,10483.87097,0.1611
48.20941175,16.34553309,631,8839.285714,-0.021
48.21076907,16.34955806,536,8677.419355,-0.0389
48.21076907,16.34955806,536,9201.754386,0.0191
48.20897306,16.34076986,525,8889.830508,-0.0154
48.20897306,16.34076986,525,9115.942029,0.0096
48.20897306,16.34076986,525,11538.46154,0.2779
48.20897306,16.34076986,525,11605.6338,0.2854
48.20897306,16.34076986,525,12060.97561,0.3358
48.20897306,16.34076986,525,10463.41463,0.1589
48.20897306,16.34076986,525,8991.22807,-0.0042
48.21076907,16.34955806,536,7653.846154,-0.1523
48.21127903,16.35203075,442,9354.83871,0.0361
48.21076907,16.34955806,536,3445.544554,-0.6184
48.20733478,16.35277642,503,8180.327869,-0.094
48.21076907,16.34955806,536,10338.98305,0.1451
48.21076907,16.34955806,536,9069.767442,0.0045
48.20947785,16.34494759,605,7858.267717,-0.1297
48.21197513,16.34396717,544,7635.294118,-0.1544
48.21384889,16.35360779,352,8358.208955,-0.0743
48.20970545,16.35478993,382,10980,0.2161
48.21076907,16.34955806,536,7272.727273,-0.1945
48.21076907,16.34955806,536,19215.68627,1.1282
48.21485699,16.34314099,509,9044.94382,0.0018
48.21246353,16.33967926,505,6500,-0.2801
48.22790958,16.35507387,345,7931.034483,-0.243
48.22407604,16.35416339,331,14122.1374,0.3479
48.21791943,16.36339442,279,10344.82759,-0.0126
48.2188704,16.34474453,387,10417.91045,-0.0056
48.21756293,16.36251149,269,13294.79769,0.269
48.22352766,16.35953631,351,10476.19048,-0.0001
48.22704595,16.35919606,364,5000,-0.5228
48.22352766,16.35953631,351,3321.917808,-0.6829
48.22821708,16.35908539,355,6500,-0.3796
48.22417461,16.36457775,340,16430.55556,0.5683
48.22821708,16.35908539,355,6427.927928,-0.3865
48.22352766,16.35953631,351,15164.10256,0.4474
48.22352766,16.35953631,351,9694.444444,-0.0747
48.22352766,16.35953631,351,5812.5,-0.4452
48.22821708,16.35908539,355,6500,-0.3796
48.22821708,16.35908539,355,6437.5,-0.3856
48.22810971,16.35554594,346,8068.965517,-0.2298
48.22352766,16.35953631,351,8777.027027,-0.1623
48.22627423,16.36465344,370,7900,-0.246
48.22793817,16.35503096,343,7931.034483,-0.243
48.22793817,16.35503096,343,8017.241379,-0.2348
48.22352766,16.35953631,351,6071.428571,-0.4205
48.22352766,16.35953631,351,12458.33333,0.1891
48.22321629,16.35489359,314,14122.1374,0.3479
48.22321629,16.35489359,314,13812.1547,0.3183
48.22321629,16.35489359,314,14320.98765,0.3669
48.21647091,16.34780656,394,6558.823529,-0.374
48.22573317,16.35648215,354,6727.272727,-0.3579
48.22573317,16.35648215,354,6547.619048,-0.375
48.22573317,16.35648215,354,14560.43956,0.3898
48.23191096,16.35573042,217,7388.888889,-0.2948
48.22352766,16.35953631,351,5940.366972,-0.433
48.22352766,16.35953631,351,9186.046512,-0.1232
48.21767731,16.36251149,265,16473.98844,0.5724
48.21767731,16.36251149,265,16727.27273,0.5966
48.2241904,16.35360549,332,13812.1547,0.3183
48.2241904,16.35360549,332,14320.98765,0.3669
48.22326185,16.36666302,349,9328.358209,-0.1096
48.22326185,16.36666302,349,9186.046512,0.5007
48.13182474,16.42499916,0,6534.343434,0.0675
48.13182474,16.42499916,0,6678.723404,0.0911
48.15278123,16.39161148,3,3901.408451,-0.3626
48.17022847,16.36683583,108,3972.60274,-0.351
48.17699435,16.36270507,187,4763.00578,-0.2219
48.15278123,16.39161148,3,5061.538462,-0.1731
48.17693377,16.37891337,305,4788.461538,-0.2177
48.17299348,16.3751921,249,4656.25,-0.2393
48.17693712,16.36270507,187,4763.00578,-0.2219
48.18003495,16.37306801,261,6042.253521,-0.0129
48.17034296,16.36683583,111,3510.416667,-0.4265
48.17246721,16.36887472,197,5202.898551,-0.15
48.17479426,16.38214946,222,5876.068376,-0.04
48.1762433,16.37637621,314,4800,-0.2158
48.16906078,16.37432611,146,4742.857143,-0.2251
48.17735575,16.37266823,298,4473.684211,-0.2691
48.17184458,16.36486613,122,4128.571429,-0.3255
48.17323158,16.36786762,199,5673.076923,-0.0732
48.17511588,16.3679212,212,4722.222222,-0.2285
48.17511588,16.3679212,212,5113.636364,-0.1646
48.18483974,16.384279,147,9991.452991,0.6323
48.17204979,16.36710792,173,3200,-0.4772
48.17204979,16.36710792,173,4120,-0.3269
48.16339857,16.38371004,46,4104.477612,-0.3294
48.17709369,16.36471982,172,4609.375,-0.247
48.17546691,16.37497815,306,5083.333333,-0.1695
48.17219289,16.36753708,178,5065.217391,-0.1725
48.17219289,16.36753708,178,4515.625,-0.2623
48.17219289,16.36753708,178,5729.72973,-0.0639
48.17219289,16.36753708,178,5702.702703,-0.0683
48.17219289,16.36753708,178,5645.833333,-0.0776
48.17219289,16.36753708,178,5918.367347,-0.0331
48.177675,16.37942492,302,5416.666667,-0.1151
48.17266511,16.38647692,126,4652.777778,-0.2399
48.13544821,16.38463282,5,4224.137931,-0.3099
48.13513317,16.38458991,5,6600,0.0783
48.17867804,16.36763488,212,3927.813163,-0.3583
48.17207841,16.36753708,175,5088.235294,-0.1687
48.17701128,16.38045305,274,4224.137931,-0.3099
48.17207841,16.36753708,175,5096.774194,-0.1673
48.17207841,16.36753708,175,5062.5,-0.1729
48.17246189,16.37335423,217,4966.666667,-0.1886
48.16942437,16.34473329,6,4772.727273,-0.2203
48.17240465,16.37344006,214,3772.727273,-0.3836
48.17680752,16.36450524,171,3808.510638,-0.3778
48.1436983,16.40012149,8,8246.91358,0.3473
48.1436983,16.40012149,8,9010.204082,0.472
48.17400647,16.37551529,268,5870.967742,-0.0408
48.17741298,16.37262532,297,4439.393939,-0.2747
48.17412094,16.37521489,264,6628.571429,0.0829
48.1734839,16.36300412,151,4285.714286,-0.2998
48.1732339,16.35627554,78,4400,-0.2812
48.16130248,16.46757642,5,6351.851852,0.1163
48.16129478,16.46754639,5,5571.428571,-0.0208
48.18279187,16.40604361,63,4458.823529,-0.2164
48.16938514,16.41344895,13,4542.857143,-0.2016
48.18003827,16.41952441,46,5571.428571,-0.0208
48.15831102,16.42896642,3,3556.521739,-0.375
48.15505307,16.45084047,1,3451.417004,-0.3934
48.16291468,16.42426289,27,5956.25,0.0468
48.16177613,16.46709565,5,4438.157895,-0.22
48.17804875,16.37833081,308,4465.116279,-0.2153
48.16104571,16.46800121,5,3553.008596,-0.3756
48.14876472,16.46257285,1,4599.358974,-0.1917
48.15260096,16.47145239,1,5399,-0.0511
48.17694937,16.41370013,85,5026.503381,-0.1166
48.16939236,16.41313783,13,3214.285714,-0.4351
48.18193316,16.31914436,121,6122.641509,0.0596
48.18159195,16.34273178,246,5483.870968,-0.0509
48.18144226,16.34275097,245,5357.17033,-0.0728
48.18126931,16.34261001,238,7091.633466,0.2274
48.17725413,16.3323447,179,4607.142857,-0.2026
48.18287401,16.33125223,286,3754.180602,-0.3503
48.17265334,16.33216875,64,7957.295374,0.3772
48.17292111,16.32098976,76,5865.816548,0.0152
48.17986439,16.32447604,170,7075.471698,0.2246
48.15708931,16.29738305,5,5305.410122,-0.0818
48.1572753,16.29686959,4,5290.364583,-0.0844
48.15767136,16.297074,4,5618.899734,-0.0275
48.18387921,16.34429649,303,3866.283978,-0.3309
48.17259566,16.33221745,62,6070.110701,0.0506
48.18275257,16.34436424,263,5733.333333,-0.0077
48.15850359,16.2956175,4,5238.54422,-0.0934
48.18228933,16.3341081,266,4500,-0.2212
48.15785348,16.29629401,4,6051.291722,0.0473
48.157688,16.296794,4,5291.940789,-0.0841
48.18484265,16.33635396,341,5383.076923,-0.0683
48.15762476,16.2951639,3,5960.48075,0.0316
48.18055882,16.32102534,135,5208.955224,-0.0985
48.1825763,16.25879957,4,10149.66163,0.3681
48.17493747,16.26631354,9,7905.063291,0.0655
48.17548953,16.28653811,11,6213.808463,-0.1624
48.16862729,16.28998441,10,11415.96316,0.5387
48.1777109,16.28460444,8,5381.944444,-0.2746
48.19170212,16.27396268,40,5838.739574,-0.213
48.16912367,16.28355721,13,4523.809524,-0.3902
48.18806093,16.27607325,42,6152.822815,-0.1707
48.17551815,16.28662394,11,6185.749734,-0.1662
48.18998823,16.2759816,42,5011.554969,-0.3245
48.19089013,16.282009,42,4487.473617,-0.3951
48.17364709,16.2997173,9,4057.667713,-0.4531
48.18809632,16.26662529,28,5294.117647,-0.2864
48.16797988,16.28477673,13,6722.689076,-0.0939
48.18975436,16.28388963,43,8322.916667,0.1218
48.19973546,16.27690404,8,8494.623656,0.3125
48.1990145,16.31102297,123,4666.666667,-0.2789
48.19410041,16.29795485,89,5854.943274,-0.0953
48.19018334,16.30514661,102,7164.319249,0.107
48.20064462,16.30659426,66,8645.460291,0.3358
48.19798661,16.28457054,36,5000,-0.2274
48.20996882,16.21626359,12,6424.540324,-0.0073
48.20136514,16.30997313,81,6433.364031,-0.006
48.2159502,16.22922219,1,8373.138522,0.2937
48.20161115,16.31124812,87,5119.047619,-0.209
48.20085816,16.30506117,59,8627.337014,0.333
48.20534334,16.25893313,17,8638.095238,0.3347
48.19544303,16.31317727,169,8309.390594,0.2839
48.195856,16.29285431,64,7926.829268,0.2248
48.20755136,16.26239015,9,9473.684211,0.4638
48.19877542,16.30206705,59,9083.34682,0.4035
48.19138588,16.30597517,110,5770.938147,-0.1083
48.20967722,16.23250507,3,5461.538462,-0.1561
48.1903707,16.33658195,477,4538.461538,-0.3027
48.20036101,16.33344219,401,7001.078749,0.0756
48.19907021,16.31628427,202,8019.289159,0.232
48.19510472,16.32140047,277,5000,-0.2318
48.20360434,16.33119535,362,6554.099089,0.0069
48.18869434,16.33540834,443,6985.714286,0.0732
48.19752946,16.32152832,269,6223.175966,-0.0439
48.18464794,16.32809809,284,5333.333333,-0.1806
48.19446273,16.33513086,484,5668.850806,-0.1291
48.22084,16.31627,131,5456.97619,-0.0233
48.22084,16.31627,131,5305.608696,-0.0504
48.22084,16.31627,131,5768.531915,0.0325
48.22084,16.31627,131,5436.833333,-0.0269
48.20814,16.32377,219,5439.473684,-0.0264
48.20814,16.32377,219,5443.434783,-0.0257
48.20814,16.32377,219,5500,-0.0156
48.20814,16.32377,219,6500,0.1634
48.20786,16.32913,339,3933.333333,-0.296
48.20814,16.32377,219,6618.181818,0.1846
48.22089,16.29559,3,9554.347826,0.7101
48.22089,16.29559,3,9290.697674,0.6629
48.21505,16.32036,190,4483.870968,-0.1974
48.21617,16.28395,2,8260.869565,0.4786
48.21222,16.33328,428,5111.111111,-0.0852
48.21222,16.33328,428,4915.254237,-0.1202
48.21222,16.33328,428,8589.74359,0.5375
48.21222,16.33328,428,8333.333333,0.4916
48.21711,16.31783,154,4913.385827,-0.1206
48.21634,16.28388,2,9411.764706,0.6846
48.21865,16.3189,162,5059.701493,-0.0944
48.22084,16.31627,131,5893.934783,0.0549
48.22084,16.31627,131,5539.415094,-0.0085
48.21845,16.31534,150,4276.923077,-0.2345
48.21009,16.30981,56,5181.818182,-0.0725
48.23234,16.29843,5,8153.846154,0.2914
48.23234,16.29843,5,8538.461538,0.3523
48.23234,16.29843,5,8732.394366,0.383
48.23234,16.29843,5,8390.804598,0.3289
48.23234,16.29843,5,9338.842975,0.4791
48.21973,16.32671,182,6640.625,0.0517
48.23663,16.32581,41,10147.05882,0.6071
48.23386,16.29766,6,8514.705882,0.3485
48.23386,16.29766,6,12180.95238,0.9292
48.23386,16.29766,6,11077.77778,0.7545
48.23386,16.29766,6,9734.042553,0.5417
48.22699,16.32482,75,11410.25641,0.3145
48.22699,16.32482,75,9732.142857,0.1212
48.22699,16.32482,75,10535.71429,0.2138
48.22699,16.32482,75,10508.77193,0.2107
48.22699,16.32482,75,11315.78947,0.3037
48.23698,16.32501,38,10147.05882,0.169
48.23698,16.32501,38,8168.831169,-0.0589
48.23766,16.31758,29,11315.78947,0.3037
48.23766,16.31758,29,10000,0.1521
48.22237,16.34169,310,5353.846154,-0.3832
48.20634,16.32715,260,7983.870968,-0.0802
48.2862,16.34662,3,9432.432432,0.0181
48.2862,16.34662,3,10052.63158,0.085
48.2862,16.34662,3,13979.59184,0.5089
48.2862,16.34662,3,9483.333333,0.0236
48.2862,16.34662,3,8661.290323,-0.0652
48.26126,16.33337,5,9767.44186,0.0542
48.24012,16.34929,59,10638.29787,0.1482
48.25697,16.35775,16,10847.45763,0.1708
48.25697,16.35775,16,11647.05882,0.2571
48.25697,16.35775,16,14367.81609,0.5508
48.25697,16.35775,16,13297.87234,0.4353
48.25697,16.35775,16,12660.55046,1.1594
48.23912,16.36483,49,4782.608696,-0.1843
48.24167,16.37787,63,5469.512195,-0.0671
48.24506,16.37251,40,4204.819277,-0.2828
48.24506,16.37251,40,4774.647887,-0.1856
48.24506,16.37251,40,4211.538462,-0.2817
48.23088,16.37176,246,8535.714286,0.4559
48.22605,16.40166,154,6407.407407,0.0929
48.26058,16.38812,10,5500,-0.1572
48.26058,16.38812,10,5102.941176,-0.2181
48.26058,16.38812,10,5486.486486,-0.1593
48.26058,16.38812,10,5268.292683,-0.1927
48.26058,16.38812,10,5819.047619,-0.1083
48.28151,16.40996,7,5109.090909,-0.2171
48.28151,16.40996,7,4639.534884,-0.2891
48.26413,16.39492,15,5620.833333,-0.1387
48.28029,16.40731,6,4797.101449,-0.2649
48.2661,16.38547,16,5754.901961,-0.1182
48.2806,16.40721,6,5100,-0.2185
48.28151,16.40996,7,4720,-0.2767
48.28157,16.45788,3,7386.363636,0.1318
48.28151,16.40996,7,4827.160494,-0.2603
48.28706,16.41301,5,3814.814815,-0.4154
48.28151,16.40996,7,4716.049383,-0.2773
48.28157,16.45788,3,5852.941176,-0.1031
48.25533,16.40872,29,4197.368421,-0.3568
48.26009,16.38876,12,5333.333333,-0.1828
48.26009,16.38876,12,4843.137255,-0.2579
48.26009,16.38876,12,5618.181818,-0.1391
48.26009,16.38876,12,6163.636364,-0.0555
48.24628,16.42747,29,6885.714286,0.0551
48.24628,16.42747,29,7270.27027,0.114
48.24628,16.42747,29,7150,0.0956
48.25098,16.43825,42,7545.454545,0.0651
48.25098,16.43825,42,6288.888889,-0.1122
48.25098,16.43825,42,7446.808511,0.0512
48.25098,16.43825,42,6235.294118,-0.1198
48.25098,16.43825,42,5921.568627,-0.1641
48.24398,16.43369,44,8760.869565,0.2367
48.24398,16.43369,44,9217.391304,0.3012
48.24398,16.43369,44,9019.217391,0.2732
48.24398,16.43369,44,10673.91304,0.5068
48.24398,16.43369,44,9195.652174,0.2981
48.24612,16.459,6,4461.538462,-0.3702
48.24612,16.459,6,4897.435897,-0.3087
48.24612,16.459,6,5743.589744,-0.1892
48.24612,16.459,6,4835.443038,-0.3174
48.24612,16.459,6,4683.544304,-0.3389
48.24967,16.4344,45,7294.117647,0.0297
48.24967,16.4344,45,6333.333333,-0.106
48.24967,16.4344,45,7555.555556,0.0666
48.24967,16.4344,45,8282.608696,0.1692
48.24967,16.4344,45,8869.565217,0.2521
48.21462,16.48702,4,6489.051095,-0.084
48.20623,16.52011,9,6397.058824,-0.097
48.20623,16.52011,9,6428.571429,-0.0925
48.24356,16.43304,37,14024.13242,0.9797
48.20623,16.52011,9,7733.333333,0.0917
48.1422,16.31249,1,8395.514019,0.3831
48.149868,16.292968,2,6144.736842,0.0123
48.132742,16.309767,4,6656.862745,0.0967
48.136395,16.277487,7,7011.235955,0.1551
48.13608,16.278007,5,6107.594937,0.0062
48.13601,16.27814,5,6857.142857,0.1297
48.15209,16.32244,3,6146.153846,0.0125
48.13465,16.25733,11,9663.157895,0.592
48.15209,16.32244,3,6146.153846,0.0125
48.14462,16.28008,8,3700,-0.3904
48.14641,16.2853,5,6017.241379,-0.0087
48.14641,16.2853,5,6032.967033,-0.0061
48.14641,16.2853,5,6617.647059,0.0902
48.14641,16.2853,5,6343.283582,0.045
48.15209,16.32244,3,6276.190476,0.034
48.14597,16.33174,2,4409.836066,-0.2735
48.1362,16.27657,6,9832.307692,0.6198
48.14582,16.26761,5,4913.043478,-0.1906
48.15209,16.32244,3,4828.571429,-0.2045
48.13896,16.32471,7,3986.666667,-0.3432
48.1362,16.27657,6,5553.571429,-0.0851
48.1362,16.27657,6,5676.923077,-0.0648
48.1362,16.27657,6,6185.897436,0.0191
48.14516,16.29378,3,5475.609756,-0.0979
48.1363,16.278,6,5562.5,-0.0836
